"fulfillment_line_item_id","carrier","tracking_1","tracking_2","tracking_3","tracking_4","tracking_5","tracking_6"
"201717430","","","","","","",""
"201715147","","","","","","",""
"201714878","","","","","","",""
"201715204","","","","","","",""
"201715135","","","","","","",""
"201738696","","","","","","",""
"201756474","","","","","","",""
"201710678","","","","","","",""
"201709020","","","","","","",""
"201737908","","","","","","",""
"201893987","","","","","","",""
"201740127","","","","","","",""
"201890399","","","","","","",""
"201925867","","","","","","",""
"201812845","","","","","","",""
"201761890","","","","","","",""
"201737209","","","","","","",""
"201809943","","","","","","",""
"201929914","","","","","","",""
"201807663","","","","","","",""
"201756736","","","","","","",""
"201919438","","","","","","",""
"201903279","","","","","","",""
"201772249","","","","","","",""
"201794837","","","","","","",""
"201763059","","","","","","",""
"201786766","","","","","","",""
"201711505","","","","","","",""
"201785642","","","","","","",""
"201709045","","","","","","",""
"201778557","","","","","","",""
"201813892","","","","","","",""
"201812824","","","","","","",""
"201754177","","","","","","",""
"201806022","","","","","","",""
"201800405","","","","","","",""
"201776016","","","","","","",""
"201906072","","","","","","",""
"201723004","","","","","","",""
"201721740","","","","","","",""
"201784012","","","","","","",""
"201783834","","","","","","",""
"201775064","","","","","","",""
"201768265","","","","","","",""
"201760855","","","","","","",""
"201716158","","","","","","",""
"201714744","","","","","","",""
"201746126","","","","","","",""
"201736921","","","","","","",""
"201739245","","","","","","",""
"201796581","","","","","","",""
"201927310","","","","","","",""
"201711245","","","","","","",""
"201749221","","","","","","",""
"201905010","","","","","","",""
"201747775","","","","","","",""
"201747239","","","","","","",""
"201900295","","","","","","",""
"201895733","","","","","","",""
"201895734","","","","","","",""
"201737499","","","","","","",""
"201896076","","","","","","",""
"201752983","","","","","","",""
"201756549","","","","","","",""
"201730961","","","","","","",""
"201742895","","","","","","",""
"201718364","","","","","","",""
"201776546","","","","","","",""
"201773598","","","","","","",""
"201769228","","","","","","",""
"201769551","","","","","","",""
"201761507","","","","","","",""
"201756837","","","","","","",""
"201753820","","","","","","",""
"201741625","","","","","","",""
"201754995","","","","","","",""
"201753628","","","","","","",""
"201756471","","","","","","",""
"201754099","","","","","","",""
"201753366","","","","","","",""
"201746674","","","","","","",""
"201744385","","","","","","",""
"201738217","","","","","","",""
"201737417","","","","","","",""
"201929535","","","","","","",""
"201902374","","","","","","",""
"201721860","","","","","","",""
"201912747","","","","","","",""
"201906362","","","","","","",""
"201715003","","","","","","",""
"201709496","","","","","","",""
"201909294","","","","","","",""
"201901537","","","","","","",""
"201894859","","","","","","",""
"201894994","","","","","","",""
"201813291","","","","","","",""
"201724160","","","","","","",""
"201713760","","","","","","",""
"201714381","","","","","","",""
"201894338","","","","","","",""
"201892898","","","","","","",""
"201812399","","","","","","",""
"201810747","","","","","","",""
"201808106","","","","","","",""
"201804831","","","","","","",""
"201804794","","","","","","",""
"201804347","","","","","","",""
"201796226","","","","","","",""
"201790917","","","","","","",""
"201786608","","","","","","",""
"201783103","","","","","","",""
"201807804","","","","","","",""
"201796695","","","","","","",""
"201778427","","","","","","",""
"201775661","","","","","","",""
"201792111","","","","","","",""
"201747169","","","","","","",""
"201746941","","","","","","",""
"201736726","","","","","","",""
"201530578","","","","","","",""
"201530065","","","","","","",""
"201528833","","","","","","",""
"201527586","","","","","","",""
"201527168","","","","","","",""
"201527752","","","","","","",""
"201525947","","","","","","",""
"201524140","","","","","","",""
"201591133","","","","","","",""
"201572364","","","","","","",""
"201571417","","","","","","",""
"201567096","","","","","","",""
"201566332","","","","","","",""
"201561508","","","","","","",""
"201553380","","","","","","",""
"201549167","","","","","","",""
"201548715","","","","","","",""
"201548135","","","","","","",""
"201542260","","","","","","",""
"201538104","","","","","","",""
"201531712","","","","","","",""
"201529188","","","","","","",""
"201528748","","","","","","",""
"201528101","","","","","","",""
"201525218","","","","","","",""
"201521983","","","","","","",""
"201516389","","","","","","",""
"201522897","","","","","","",""
"201522898","","","","","","",""
"201522128","","","","","","",""
"201521974","","","","","","",""
"201524066","","","","","","",""
"201520884","","","","","","",""
"201521750","","","","","","",""
"201520228","","","","","","",""
"201520065","","","","","","",""
"201519922","","","","","","",""
"201520188","","","","","","",""
"201519906","","","","","","",""
"201519621","","","","","","",""
"201520313","","","","","","",""
"201518992","","","","","","",""
"201518968","","","","","","",""
"201518643","","","","","","",""
"201518860","","","","","","",""
"201517465","","","","","","",""
"201516613","","","","","","",""
"201519320","","","","","","",""
"201519080","","","","","","",""
"201518910","","","","","","",""
"201518878","","","","","","",""
"201516042","","","","","","",""
"201515260","","","","","","",""
"201515076","","","","","","",""
"201517045","","","","","","",""
"201518016","","","","","","",""
"201517820","","","","","","",""
"201517668","","","","","","",""
"201517525","","","","","","",""
"201516829","","","","","","",""
"201516338","","","","","","",""
"201518555","","","","","","",""
"201516505","","","","","","",""
"201518939","","","","","","",""
"201543060","","","","","","",""
"201525741","","","","","","",""
"201524768","","","","","","",""
"201523224","","","","","","",""
"201611748","","","","","","",""
"201611084","","","","","","",""
"201593913","","","","","","",""
"201571171","","","","","","",""
"201561347","","","","","","",""
"201558044","","","","","","",""
"201555839","","","","","","",""
"201555464","","","","","","",""
"201550314","","","","","","",""
"201550008","","","","","","",""
"201549810","","","","","","",""
"201549655","","","","","","",""
"201548712","","","","","","",""
"201548173","","","","","","",""
"201545615","","","","","","",""
"201544242","","","","","","",""
"201544037","","","","","","",""
"201543955","","","","","","",""
"201543950","","","","","","",""
"201544290","","","","","","",""
"201542758","","","","","","",""
"201540824","","","","","","",""
"201539079","","","","","","",""
"201539080","","","","","","",""
"201537429","","","","","","",""
"201536607","","","","","","",""
"201535640","","","","","","",""
"201535986","","","","","","",""
"201535267","","","","","","",""
"201534329","","","","","","",""
"201534114","","","","","","",""
"201534266","","","","","","",""
"201532450","","","","","","",""
"201532707","","","","","","",""
"201531354","","","","","","",""
"201530864","","","","","","",""
"201532976","","","","","","",""
"201532231","","","","","","",""
"201532204","","","","","","",""
"201529306","","","","","","",""
"201529431","","","","","","",""
"201528669","","","","","","",""
"201528325","","","","","","",""
"201528219","","","","","","",""
"201527889","","","","","","",""
"201527304","","","","","","",""
"201529496","","","","","","",""
"201528153","","","","","","",""
"201527325","","","","","","",""
"201527004","","","","","","",""
"201526302","","","","","","",""
"201526227","","","","","","",""
"201525952","","","","","","",""
"201526314","","","","","","",""
"201525786","","","","","","",""
"201525371","","","","","","",""
"201525346","","","","","","",""
"201524979","","","","","","",""
"201523627","","","","","","",""
"201523295","","","","","","",""
"201524493","","","","","","",""
"201523189","","","","","","",""
"201524025","","","","","","",""
"201523170","","","","","","",""
"201522666","","","","","","",""
"201523633","","","","","","",""
"201521400","","","","","","",""
"201522744","","","","","","",""
"201521414","","","","","","",""
"201519843","","","","","","",""
"201520370","","","","","","",""
"201520265","","","","","","",""
"201519744","","","","","","",""
"201519490","","","","","","",""
"201518739","","","","","","",""
"201518720","","","","","","",""
"201517799","","","","","","",""
"201516571","","","","","","",""
"201517482","","","","","","",""
"201516374","","","","","","",""
"201516333","","","","","","",""
"201611444","","","","","","",""
"201610593","","","","","","",""
"201602650","","","","","","",""
"201577636","","","","","","",""
"201562072","","","","","","",""
"201562764","","","","","","",""
"201557840","","","","","","",""
"201557457","","","","","","",""
"201555675","","","","","","",""
"201555571","","","","","","",""
"201555165","","","","","","",""
"201553850","","","","","","",""
"201552889","","","","","","",""
"201554453","","","","","","",""
"201550692","","","","","","",""
"201550666","","","","","","",""
"201545467","","","","","","",""
"201543041","","","","","","",""
"201542918","","","","","","",""
"201542506","","","","","","",""
"201540915","","","","","","",""
"201541917","","","","","","",""
"201538966","","","","","","",""
"201537564","","","","","","",""
"201541661","","","","","","",""
"201537271","","","","","","",""
"201535249","","","","","","",""
"201535113","","","","","","",""
"201534750","","","","","","",""
"201534600","","","","","","",""
"201534515","","","","","","",""
"201534062","","","","","","",""
"201530717","","","","","","",""
